Timestamp,Engine RPM,Box RPM
59130264, 5, 236
59161744, 1648, 236
59193100, 1655, 236
59224600, 1647, 236
59255976, 1654, 236
59287516, 1645, 236
59318892, 1654, 236
59350504, 1642, 236
59382012, 1647, 236
59413656, 1640, 236
59445120, 1649, 236
59476660, 1645, 236
59508004, 1656, 236
59539480, 1649, 236
59570912, 1651, 236
59633864, 1652, 236
59665444, 1643, 236
59696880, 1651, 236
59728452, 1644, 236
59759828, 1654, 236
59791376, 1645, 236
59822712, 1656, 236
59854224, 1647, 236
59885632, 1652, 236
59917168, 1645, 236
59948564, 1653, 236
59980108, 1645, 236
60011508, 1652, 236
60042984, 1649, 236
60074324, 1656, 236
60105800, 1649, 236
60137204, 1652, 236
60168744, 1645, 236
60200152, 1652, 236
60231764, 1642, 236
60263196, 1651, 236
60326212, 1651, 236
60357756, 1645, 236
60389160, 1652, 236
60420768, 1642, 236
60452308, 1645, 236
60484084, 1633, 236
60515752, 1639, 236
60547532, 1632, 236
60579208, 1639, 236
60611048, 1630, 236
60642756, 1637, 236
60674628, 1628, 236
60706404, 1633, 236
60738340, 1625, 236
60802240, 1620, 236
60834144, 1626, 236
60866148, 1621, 236
60897924, 1633, 236
60929796, 1628, 236
60961336, 1645, 236
60992876, 1645, 236
61024076, 1664, 236
61055284, 1663, 236
61085052, 1743, 236
61113552, 1821, 236
61139772, 1980, 236
61165292, 2034, 236
61184856, 2034, 0
61189524, 2142, 0
61213420, 2172, 0
61236496, 2250, 0
61259392, 2267, 0
61281736, 2323, 0
61304040, 2327, 0
61325912, 2373, 0
61347860, 2365, 0
61369468, 2402, 0
61391240, 2384, 0
61412784, 2409, 0
61434560, 2384, 0
61499772, 2390, 0
61508280, 2390, 25
61521740, 2363, 25
61543480, 2387, 25
61565436, 2364, 25
61609068, 2370, 25
61630760, 2392, 25
61652696, 2366, 25
61674372, 2395, 25
61677388, 2395, 50
61696268, 2371, 50
61717924, 2397, 50
61783556, 2363, 50
61803604, 2363, 67
61805312, 2385, 67
61827304, 2360, 67
61870892, 2374, 67
61892600, 2391, 67
61908432, 2391, 80
61914524, 2367, 80
61936352, 2378, 80
61958320, 2363, 80
61980096, 2384, 80
62001244, 2384, 90
62067632, 2378, 90
62084432, 2378, 101
62111432, 2383, 101
62133356, 2367, 101
62155088, 2388, 101
62159396, 2388, 112
62177028, 2365, 112
62198752, 2389, 112
62220608, 2375, 112
62230540, 2375, 118
62242200, 2404, 118
62263952, 2386, 118
62285480, 2411, 118
62297748, 2411, 125
62328532, 2427, 125
62350056, 2411, 125
62360988, 2411, 134
62371320, 2441, 134
62422704, 2455, 137
62435024, 2451, 137
62455952, 2480, 137
62477024, 2463, 137
62482036, 2463, 142
62497848, 2493, 142
62518732, 2486, 142
62537140, 2486, 153
62539300, 2524, 153
62559956, 2513, 153
62580376, 2542, 153
62592020, 2542, 154
62621040, 2566, 154
62641276, 2565, 154
62644944, 2565, 159
62661280, 2595, 159
62681344, 2587, 159
62697052, 2587, 162
62740704, 2643, 162
62747920, 2643, 166
62760340, 2643, 166
62779764, 2672, 166
62797296, 2672, 171
62818456, 2696, 171
62837712, 2695, 171
62845636, 2695, 174
62856796, 2719, 174
62875880, 2719, 174
62892544, 2719, 180
62894816, 2741, 180
62932608, 2760, 180
62939360, 2760, 180
62951448, 2755, 180
62970108, 2782, 180
62985680, 2782, 182
62988800, 2777, 182
63030656, 2803, 188
63044268, 2822, 188
63062632, 2827, 188
63075200, 2827, 190
63117120, 2873, 190
63118820, 2873, 194
63135192, 2873, 194
63153148, 2891, 194
63161740, 2891, 196
63171172, 2880, 196
63204472, 2905, 198
63206992, 2892, 198
63224780, 2918, 198
63242576, 2917, 198
63260256, 2936, 201
63313072, 2955, 202
63329364, 2955, 206
63348024, 1485, 206
63365444, 2980, 206
63369744, 2980, 209
63382896, 2975, 209
63400244, 2992, 209
63409968, 2992, 210
63417644, 2983, 210
63434980, 2995, 210
63449608, 2995, 213
63452332, 2991, 213
63486864, 3008, 213
63489004, 3008, 214
63504076, 3015, 214
63521276, 3018, 214
63528128, 3018, 216
63538424, 3027, 216
63555600, 3022, 216
63566624, 3022, 219
63572708, 3034, 219
63589816, 3034, 219
63604600, 3034, 223
63606920, 3034, 223
63624004, 3039, 223
63641076, 3040, 223
63642776, 3040, 221
63658188, 3034, 221
63675264, 3040, 221
63679880, 3040, 228
63754332, 3051, 228
63760612, 3039, 228
63777612, 3053, 228
63790708, 3053, 232
63794668, 3043, 232
63826924, 3057, 234
63828692, 3046, 234
63845672, 3057, 234
63862384, 3057, 239
63879724, 1524, 239
63896780, 3043, 239
63898480, 3043, 235
63930948, 3031, 235
63947940, 3055, 240
63965052, 3034, 240
63968796, 3034, 241
63982020, 3060, 241
63999060, 3047, 241
64003736, 3047, 242
64016056, 3054, 242
64033084, 3048, 242
64038092, 3048, 246
64050076, 3055, 246
64067176, 3035, 246
64072216, 3035, 248
64084208, 3047, 248
64101332, 3031, 248
64106516, 3031, 246
64118400, 3041, 246
64135532, 3030, 246
64140476, 3030, 249
64152600, 3041, 249
64169696, 3036, 249
64186728, 3047, 250
64203844, 3033, 250
64207840, 3033, 252
64220864, 3050, 252
64238012, 3027, 252
64241048, 3027, 255
64255132, 3032, 255
64272280, 3027, 255
64273976, 3027, 257
64289388, 3034, 257
64306588, 3018, 257
64308288, 3018, 246
64323664, 3040, 246
64339892, 3040, 268
64357928, 1515, 268
64372640, 1515, 258
64375064, 3029, 258
64392136, 3040, 258
64405288, 3040, 259
64426348, 3040, 259
64437572, 3040, 262
64443460, 3034, 262
64460524, 3042, 262
64469384, 3042, 266
64477624, 3035, 266
64494744, 3032, 266
64511892, 3027, 263
64528972, 3039, 263
64533308, 3039, 265
64546132, 3025, 265
64563180, 3045, 265
64565136, 3045, 266
64580264, 3039, 266
64596632, 3039, 269
64614332, 1523, 269
64627820, 1523, 271
64648452, 3034, 271
64659036, 3034, 271
64665516, 3042, 271
64682628, 3034, 271
64690420, 3034, 269
64699724, 3036, 269
64716856, 3030, 269
64721324, 3030, 274
64733944, 3038, 274
64751036, 3037, 274
64752736, 3037, 269
64768084, 3045, 269
64783312, 3045, 277
64785152, 3041, 277
64802188, 3047, 277
64813892, 3047, 277
64819252, 3042, 277
64836280, 3048, 277
64844400, 3048, 277
64853372, 3037, 277
64870444, 3040, 277
64874880, 3040, 278
64887596, 3027, 278
64906396, 3035, 269
64921844, 3027, 269
64935548, 3027, 291
64956012, 3034, 291
64965908, 3034, 279
64990200, 3034, 279
64996016, 3034, 281
65007280, 3039, 281
65024436, 3026, 281
65026132, 3026, 281
65041544, 3034, 281
65055820, 3034, 285
65058744, 3018, 285
65075884, 3028, 285
65085876, 3028, 281
65093056, 3023, 281
65110192, 3029, 281
65115636, 3029, 285
65127364, 3023, 285
65144488, 3031, 285
65146188, 3031, 277
65161636, 3027, 277
65174716, 3027, 297
65178776, 3028, 297
65195944, 3023, 297
65204036, 3023, 289
65213076, 3030, 289
65230248, 3023, 289
65233484, 3023, 287
65262976, 3019, 287
65264680, 3011, 287
65281784, 3034, 287
65316144, 3025, 288
65321420, 3025, 291
65333352, 3016, 291
65350212, 3016, 294
65367788, 1507, 294
65384960, 3023, 293
65402244, 3003, 293
65419456, 3015, 292
65438444, 3002, 278
65453960, 3016, 278
65466180, 3016, 305
65471204, 3010, 305
65494804, 3021, 296
65505608, 3015, 296
65522800, 3019, 296
65524496, 3019, 285
65540044, 3010, 285
65551824, 3010, 309
65557240, 3019, 309
65574484, 3010, 309
65580460, 3010, 296
65591720, 3012, 296
65610664, 3008, 280
65626212, 3012, 280
65637692, 3012, 314
65643468, 3008, 314
65660652, 3021, 314
65666024, 3021, 298
65677884, 3012, 298
65694012, 3012, 303
65712308, 1507, 303
65722324, 1507, 299
65729528, 3015, 299
65746792, 3007, 299
65750332, 3007, 302
65764016, 3014, 302
65781308, 3002, 299
65798548, 3011, 299
65806964, 3011, 298
65815800, 3008, 298
65833012, 3015, 298
65867444, 3019, 303
65884692, 3009, 303
65890440, 3009, 306
65901896, 3017, 306
65918260, 3017, 304
65936324, 1507, 304
65946148, 1507, 303
65953588, 3007, 303
65970792, 3017, 303
65973928, 3017, 305
65988076, 3003, 305
66001644, 3003, 305
66022556, 1505, 305
66029068, 1505, 308
66039760, 3017, 308
66056592, 3017, 308
66074256, 1504, 308
66083980, 1504, 309
66091520, 3007, 309
66108788, 3006, 309
66111484, 3006, 308
66126108, 2997, 308
66139008, 2997, 308
66143404, 3002, 308
66160720, 2998, 308
66177948, 3013, 308
66193748, 3013, 310
66195440, 2968, 310
66212444, 3053, 310
66220964, 3053, 311
66229672, 3013, 311
66246924, 3008, 311
66248612, 3008, 306
66264200, 3005, 306
66275272, 3005, 318
66281496, 3002, 318
66298780, 3003, 318
66316064, 3003, 310
66329872, 3003, 310
66333328, 3007, 310
66350508, 3021, 310
66356756, 3021, 314
66367756, 3009, 314
66419468, 3015, 315
66436788, 2997, 315
66471324, 3002, 323
66488560, 3012, 323
66491492, 3012, 316
66505844, 3003, 316
66518056, 3003, 319
66523008, 3024, 319
66540232, 3014, 319
66544744, 3014, 317
66574732, 3001, 316
66591944, 3015, 316
66598288, 3015, 316
66609232, 3002, 316
66624956, 3002, 317
66626656, 2979, 317
66643752, 3036, 317
66651608, 3036, 318
66660944, 3019, 318
66678132, 3019, 319
66695440, 1504, 319
66704664, 1504, 319
66712704, 3007, 319
66729980, 3005, 319
66731676, 3005, 314
66747288, 2999, 314
66757712, 2999, 325
66764584, 3002, 325
66781924, 2994, 325
66799204, 3004, 319
66811052, 3004, 315
66816500, 3002, 315
66833732, 3012, 315
66837000, 3012, 326
66863224, 3003, 323
66868244, 3013, 323
66885524, 3004, 323
66889396, 3004, 324
66902788, 3007, 324
66915860, 3007, 319
66920148, 2990, 319
66937400, 3008, 319
66942244, 3008, 321
66954732, 2995, 321
66968432, 2995, 323
66971960, 3013, 323
66989244, 3003, 323
67020376, 3019, 326
67023668, 3012, 326
67040916, 3009, 326
67046324, 3009, 326
67058188, 3005, 326
67072156, 3005, 328
67075444, 3008, 328
67092720, 3005, 328
67098460, 3005, 322
67109928, 3016, 322
67124392, 3016, 326
67127180, 3008, 326
67144364, 3021, 326
67150044, 3021, 330
67161604, 3011, 330
67175608, 3011, 331
67196080, 1505, 331
67201288, 1505, 330
67213344, 3007, 330
67227272, 3007, 325
67230656, 2998, 325
67247904, 3009, 325
67253320, 3009, 325
67265172, 3006, 325
67278976, 3006, 330
67282396, 3014, 330
67299616, 3015, 330
67304492, 3015, 331
67330180, 3019, 330
67334064, 3008, 330
67351288, 3014, 330
67355732, 3014, 331
67368616, 2995, 331
67385876, 3008, 330
67403196, 2997, 330
67432928, 3019, 328
67437620, 3013, 328
67454776, 3026, 328
67458044, 3026, 337
67471968, 3019, 337
67483212, 3019, 336
67489096, 3031, 336
67506368, 3005, 336
67508576, 3005, 334
67523572, 3017, 334
67534256, 3017, 330
67540900, 2995, 330
67558108, 3016, 330
67559812, 3016, 331
67575356, 3009, 331
67584940, 3009, 336
67592548, 3019, 336
67609768, 3015, 336
67611452, 3015, 319
67626932, 3024, 319
67644156, 3014, 359
67660120, 3014, 337
67678688, 1503, 337
67685332, 1503, 336
67695968, 3004, 336
67710728, 3004, 333
67713260, 3002, 333
67730476, 3015, 333
67747740, 3007, 337
67760532, 3007, 342
67764916, 3022, 342
67782476, 2956, 342
67800400, 2896, 336
67811204, 2896, 332
67818552, 2860, 332
67837004, 2813, 332
67838696, 2813, 308
67855580, 2794, 308
67863092, 2794, 347
67874420, 2755, 347
67888980, 2755, 327
67893404, 2734, 327
67912592, 2705, 327
67931964, 2680, 328
67940492, 2680, 329
67951544, 2651, 329
67966480, 2651, 325
67971268, 2631, 325
67991132, 2613, 325
67992836, 2613, 321
68011140, 2594, 321
68018688, 2594, 327
68031336, 2570, 327
68044880, 2570, 323
68051548, 2568, 323
68070628, 2568, 329
68092232, 1275, 329
68096604, 1275, 325
68112844, 2518, 325
68122760, 2518, 324
68133520, 2510, 324
68149248, 2510, 319
68154408, 2485, 319
68175308, 2483, 319
68177008, 2483, 305
68196300, 2473, 305
68202756, 2473, 329
68217364, 2464, 329
68229208, 2464, 319
68238576, 2447, 319
68256128, 2447, 314
68259888, 2436, 314
68281412, 2411, 314
68283284, 2411, 312
68303036, 2400, 312
68310784, 2400, 308
68366336, 2372, 304
68368656, 2355, 304
68390692, 2355, 304
68394100, 2355, 305
68412932, 2333, 305
68422120, 2333, 302
68435212, 2329, 302
68450512, 2329, 298
68457592, 2319, 298
68479036, 2319, 297
68502672, 1150, 297
68508216, 1150, 290
68525420, 2282, 290
68537164, 2282, 292
68548292, 2269, 292
68566188, 2269, 291
68571244, 2262, 291
68594236, 2257, 291
68595936, 2257, 285
68617396, 2241, 285
68625108, 2241, 290
68640716, 2225, 290
68655232, 2225, 281
68664160, 2214, 281
68685608, 2214, 279
68687668, 2208, 279
68711244, 2201, 279
68716052, 2201, 278
68734784, 2205, 278
68746484, 2205, 278
68758504, 2188, 278
68777240, 2188, 275
68782492, 2164, 275
68806608, 2152, 275
68808752, 2152, 269
68830768, 2148, 269
68840460, 2148, 267
68855104, 2133, 267
68872600, 2133, 263
68879580, 2121, 263
68904176, 2110, 263
68905864, 2110, 254
68928884, 2101, 254
68937464, 2101, 268
68953676, 2094, 268
68970044, 2094, 259
68978720, 2072, 259
69003324, 2072, 254
69029168, 1028, 254
69037252, 1028, 249
69054688, 2034, 249
69071760, 2034, 245
69106168, 2017, 245
69107868, 2017, 234
69131844, 2021, 234
69157644, 2012, 254
69176112, 2012, 241
69183592, 2000, 241
69209712, 1987, 241
69211876, 1987, 236
69235792, 1990, 236
69248120, 1990, 233
69262128, 1971, 233
69285092, 1971, 229
69288676, 1955, 229
69315264, 1952, 229
69322244, 1952, 228
69341968, 1943, 228
69359916, 1943, 224
69368720, 1940, 224
69395488, 1939, 224
69397468, 1939, 225
69422360, 1931, 225
69435688, 1931, 221
69449172, 1935, 221
69474524, 1935, 218
69476212, 1919, 218
69502880, 1946, 218
69513716, 1946, 216
